<?xml version="1.0" encoding="UTF-8" standalone="yes"?><app version="1.0"><name>UnifontEX</name><version/><release_date>2024</release_date><coder>stgiga, Nicklas64, et. al.</coder><short_description>HBC Theme</short_description><long_description>This theme sets the HBC's font to UnifontEX (http://stgiga.github.io/UnifontEX), which has VERY high Unicode support (including emoji), and adds some fun colors while still preserving the regular HBC spirit. Also, the font survives composite output on NTSC-U, which is quite an accomplishment.

 Getting the font size right required several hours of brute-force testing across 2 days. 
I should also mention that this theme is a modified version of Nicklas64's "Classic Dark Black - Orange" theme, and that UnifontEX is MY extended fork of GNU Unifont, a long project that many people have worked on besides myself. UnifontEX took 10 years for me to make, and now you have it as an HBC theme that displays Unicode very well. Enjoy!</long_description></app>